key,name,spdx_id,url,node_id,repo_id
apache-2.0,Apache License 2.0,Apache-2.0,https://api.github.com/licenses/apache-2.0,MDc6TGljZW5zZTI=,595893961
gpl-3.0,GNU General Public License v3.0,GPL-3.0,https://api.github.com/licenses/gpl-3.0,MDc6TGljZW5zZTk=,601538369
apache-2.0,Apache License 2.0,Apache-2.0,https://api.github.com/licenses/apache-2.0,MDc6TGljZW5zZTI=,602270517
mit,MIT License,MIT,https://api.github.com/licenses/mit,MDc6TGljZW5zZTEz,600798098
other,Other,NOASSERTION,,MDc6TGljZW5zZTA=,586711486
mit,MIT License,MIT,https://api.github.com/licenses/mit,MDc6TGljZW5zZTEz,608419025
apache-2.0,Apache License 2.0,Apache-2.0,https://api.github.com/licenses/apache-2.0,MDc6TGljZW5zZTI=,588477692
mit,MIT License,MIT,https://api.github.com/licenses/mit,MDc6TGljZW5zZTEz,596516907
apache-2.0,Apache License 2.0,Apache-2.0,https://api.github.com/licenses/apache-2.0,MDc6TGljZW5zZTI=,596424141
unlicense,The Unlicense,Unlicense,https://api.github.com/licenses/unlicense,MDc6TGljZW5zZTE1,599662622
mit,MIT License,MIT,https://api.github.com/licenses/mit,MDc6TGljZW5zZTEz,591782276
mit,MIT License,MIT,https://api.github.com/licenses/mit,MDc6TGljZW5zZTEz,590604203
mit,MIT License,MIT,https://api.github.com/licenses/mit,MDc6TGljZW5zZTEz,595940434
mit,MIT License,MIT,https://api.github.com/licenses/mit,MDc6TGljZW5zZTEz,594096901
mit,MIT License,MIT,https://api.github.com/licenses/mit,MDc6TGljZW5zZTEz,587701234
gpl-3.0,GNU General Public License v3.0,GPL-3.0,https://api.github.com/licenses/gpl-3.0,MDc6TGljZW5zZTk=,608660982
mit,MIT License,MIT,https://api.github.com/licenses/mit,MDc6TGljZW5zZTEz,602366280
mit,MIT License,MIT,https://api.github.com/licenses/mit,MDc6TGljZW5zZTEz,597583114
mit,MIT License,MIT,https://api.github.com/licenses/mit,MDc6TGljZW5zZTEz,598277623
mit,MIT License,MIT,https://api.github.com/licenses/mit,MDc6TGljZW5zZTEz,597873678
mit,MIT License,MIT,https://api.github.com/licenses/mit,MDc6TGljZW5zZTEz,601904916
other,Other,NOASSERTION,,MDc6TGljZW5zZTA=,594880130
apache-2.0,Apache License 2.0,Apache-2.0,https://api.github.com/licenses/apache-2.0,MDc6TGljZW5zZTI=,602115048
mit,MIT License,MIT,https://api.github.com/licenses/mit,MDc6TGljZW5zZTEz,601479334
mit,MIT License,MIT,https://api.github.com/licenses/mit,MDc6TGljZW5zZTEz,597502256
mit,MIT License,MIT,https://api.github.com/licenses/mit,MDc6TGljZW5zZTEz,585553796
mit,MIT License,MIT,https://api.github.com/licenses/mit,MDc6TGljZW5zZTEz,600229707
mit,MIT License,MIT,https://api.github.com/licenses/mit,MDc6TGljZW5zZTEz,603623687
mit,MIT License,MIT,https://api.github.com/licenses/mit,MDc6TGljZW5zZTEz,598370828
mit,MIT License,MIT,https://api.github.com/licenses/mit,MDc6TGljZW5zZTEz,596254191
gpl-3.0,GNU General Public License v3.0,GPL-3.0,https://api.github.com/licenses/gpl-3.0,MDc6TGljZW5zZTk=,589831718
cc-by-sa-4.0,Creative Commons Attribution Share Alike 4.0 International,CC-BY-SA-4.0,https://api.github.com/licenses/cc-by-sa-4.0,MDc6TGljZW5zZTI2,598684695
mit,MIT License,MIT,https://api.github.com/licenses/mit,MDc6TGljZW5zZTEz,595469330
mit,MIT License,MIT,https://api.github.com/licenses/mit,MDc6TGljZW5zZTEz,599687030
mit,MIT License,MIT,https://api.github.com/licenses/mit,MDc6TGljZW5zZTEz,598872262
other,Other,NOASSERTION,,MDc6TGljZW5zZTA=,608406286
apache-2.0,Apache License 2.0,Apache-2.0,https://api.github.com/licenses/apache-2.0,MDc6TGljZW5zZTI=,589837413
mit,MIT License,MIT,https://api.github.com/licenses/mit,MDc6TGljZW5zZTEz,584843932
mit,MIT License,MIT,https://api.github.com/licenses/mit,MDc6TGljZW5zZTEz,594579246
bsd-3-clause,"BSD 3-Clause ""New"" or ""Revised"" License",BSD-3-Clause,https://api.github.com/licenses/bsd-3-clause,MDc6TGljZW5zZTU=,609362705
bsd-2-clause,"BSD 2-Clause ""Simplified"" License",BSD-2-Clause,https://api.github.com/licenses/bsd-2-clause,MDc6TGljZW5zZTQ=,595114955
other,Other,NOASSERTION,,MDc6TGljZW5zZTA=,604443736
mit,MIT License,MIT,https://api.github.com/licenses/mit,MDc6TGljZW5zZTEz,584935389
apache-2.0,Apache License 2.0,Apache-2.0,https://api.github.com/licenses/apache-2.0,MDc6TGljZW5zZTI=,599716050
mit,MIT License,MIT,https://api.github.com/licenses/mit,MDc6TGljZW5zZTEz,595679998
apache-2.0,Apache License 2.0,Apache-2.0,https://api.github.com/licenses/apache-2.0,MDc6TGljZW5zZTI=,600258903
bsd-3-clause-clear,BSD 3-Clause Clear License,BSD-3-Clause-Clear,https://api.github.com/licenses/bsd-3-clause-clear,MDc6TGljZW5zZTIx,605682921
gpl-3.0,GNU General Public License v3.0,GPL-3.0,https://api.github.com/licenses/gpl-3.0,MDc6TGljZW5zZTk=,587983743
apache-2.0,Apache License 2.0,Apache-2.0,https://api.github.com/licenses/apache-2.0,MDc6TGljZW5zZTI=,598056410
mit,MIT License,MIT,https://api.github.com/licenses/mit,MDc6TGljZW5zZTEz,588898844
mit,MIT License,MIT,https://api.github.com/licenses/mit,MDc6TGljZW5zZTEz,601044104
mit,MIT License,MIT,https://api.github.com/licenses/mit,MDc6TGljZW5zZTEz,597941167
mit,MIT License,MIT,https://api.github.com/licenses/mit,MDc6TGljZW5zZTEz,603706708
mit,MIT License,MIT,https://api.github.com/licenses/mit,MDc6TGljZW5zZTEz,596770813
apache-2.0,Apache License 2.0,Apache-2.0,https://api.github.com/licenses/apache-2.0,MDc6TGljZW5zZTI=,593927328
mit,MIT License,MIT,https://api.github.com/licenses/mit,MDc6TGljZW5zZTEz,597040690
gpl-3.0,GNU General Public License v3.0,GPL-3.0,https://api.github.com/licenses/gpl-3.0,MDc6TGljZW5zZTk=,593663949
mit,MIT License,MIT,https://api.github.com/licenses/mit,MDc6TGljZW5zZTEz,592533552
mit,MIT License,MIT,https://api.github.com/licenses/mit,MDc6TGljZW5zZTEz,592827748
mit,MIT License,MIT,https://api.github.com/licenses/mit,MDc6TGljZW5zZTEz,596964548
gpl-3.0,GNU General Public License v3.0,GPL-3.0,https://api.github.com/licenses/gpl-3.0,MDc6TGljZW5zZTk=,607116744
apache-2.0,Apache License 2.0,Apache-2.0,https://api.github.com/licenses/apache-2.0,MDc6TGljZW5zZTI=,604556121
mit,MIT License,MIT,https://api.github.com/licenses/mit,MDc6TGljZW5zZTEz,600114716
apache-2.0,Apache License 2.0,Apache-2.0,https://api.github.com/licenses/apache-2.0,MDc6TGljZW5zZTI=,603359062
gpl-3.0,GNU General Public License v3.0,GPL-3.0,https://api.github.com/licenses/gpl-3.0,MDc6TGljZW5zZTk=,604563246
gpl-2.0,GNU General Public License v2.0,GPL-2.0,https://api.github.com/licenses/gpl-2.0,MDc6TGljZW5zZTg=,603043526
apache-2.0,Apache License 2.0,Apache-2.0,https://api.github.com/licenses/apache-2.0,MDc6TGljZW5zZTI=,607121301
mit,MIT License,MIT,https://api.github.com/licenses/mit,MDc6TGljZW5zZTEz,592113874
apache-2.0,Apache License 2.0,Apache-2.0,https://api.github.com/licenses/apache-2.0,MDc6TGljZW5zZTI=,599183653
other,Other,NOASSERTION,,MDc6TGljZW5zZTA=,590550280
other,Other,NOASSERTION,,MDc6TGljZW5zZTA=,607276532
mit,MIT License,MIT,https://api.github.com/licenses/mit,MDc6TGljZW5zZTEz,600263265
mit,MIT License,MIT,https://api.github.com/licenses/mit,MDc6TGljZW5zZTEz,596732928
apache-2.0,Apache License 2.0,Apache-2.0,https://api.github.com/licenses/apache-2.0,MDc6TGljZW5zZTI=,610169717
mit,MIT License,MIT,https://api.github.com/licenses/mit,MDc6TGljZW5zZTEz,589392350
apache-2.0,Apache License 2.0,Apache-2.0,https://api.github.com/licenses/apache-2.0,MDc6TGljZW5zZTI=,585309503
gpl-3.0,GNU General Public License v3.0,GPL-3.0,https://api.github.com/licenses/gpl-3.0,MDc6TGljZW5zZTk=,594058115
other,Other,NOASSERTION,,MDc6TGljZW5zZTA=,587020175
gpl-3.0,GNU General Public License v3.0,GPL-3.0,https://api.github.com/licenses/gpl-3.0,MDc6TGljZW5zZTk=,589561387
mit,MIT License,MIT,https://api.github.com/licenses/mit,MDc6TGljZW5zZTEz,604149082
mit,MIT License,MIT,https://api.github.com/licenses/mit,MDc6TGljZW5zZTEz,595428600
gpl-3.0,GNU General Public License v3.0,GPL-3.0,https://api.github.com/licenses/gpl-3.0,MDc6TGljZW5zZTk=,584547922
