login,id,node_id,gravatar_id,url,html_url,type,site_admin,repo_id
lllyasviel,19834515,MDQ6VXNlcjE5ODM0NTE1,,https://api.github.com/users/lllyasviel,https://github.com/lllyasviel,User,False,595893961
facebookresearch,16943930,MDEyOk9yZ2FuaXphdGlvbjE2OTQzOTMw,,https://api.github.com/users/facebookresearch,https://github.com/facebookresearch,Organization,False,601538369
FMInference,125944572,O_kgDOB4HC_A,,https://api.github.com/users/FMInference,https://github.com/FMInference,Organization,False,602270517
Mikubill,31246794,MDQ6VXNlcjMxMjQ2Nzk0,,https://api.github.com/users/Mikubill,https://github.com/Mikubill,User,False,600798098
timothybrooks,10535711,MDQ6VXNlcjEwNTM1NzEx,,https://api.github.com/users/timothybrooks,https://github.com/timothybrooks,User,False,586711486
yihong0618,15976103,MDQ6VXNlcjE1OTc2MTAz,,https://api.github.com/users/yihong0618,https://github.com/yihong0618,User,False,608419025
BlinkDL,33809201,MDQ6VXNlcjMzODA5MjAx,,https://api.github.com/users/BlinkDL,https://github.com/BlinkDL,User,False,588477692
arc53,103419759,O_kgDOBioPbw,,https://api.github.com/users/arc53,https://github.com/arc53,Organization,False,596516907
amazon-science,70298811,MDEyOk9yZ2FuaXphdGlvbjcwMjk4ODEx,,https://api.github.com/users/amazon-science,https://github.com/amazon-science,Organization,False,596424141
acheong08,36258159,MDQ6VXNlcjM2MjU4MTU5,,https://api.github.com/users/acheong08,https://github.com/acheong08,User,False,599662622
jaymody,26451316,MDQ6VXNlcjI2NDUxMzE2,,https://api.github.com/users/jaymody,https://github.com/jaymody,User,False,591782276
TheR1D,16740832,MDQ6VXNlcjE2NzQwODMy,,https://api.github.com/users/TheR1D,https://github.com/TheR1D,User,False,590604203
mukulpatnaik,36257370,MDQ6VXNlcjM2MjU3Mzcw,,https://api.github.com/users/mukulpatnaik,https://github.com/mukulpatnaik,User,False,595940434
lucidrains,108653,MDQ6VXNlcjEwODY1Mw==,,https://api.github.com/users/lucidrains,https://github.com/lucidrains,User,False,594096901
enhuiz,12977366,MDQ6VXNlcjEyOTc3MzY2,,https://api.github.com/users/enhuiz,https://github.com/enhuiz,User,False,587701234
GaiZhenbiao,51039745,MDQ6VXNlcjUxMDM5NzQ1,,https://api.github.com/users/GaiZhenbiao,https://github.com/GaiZhenbiao,User,False,608660982
karpathy,241138,MDQ6VXNlcjI0MTEzOA==,,https://api.github.com/users/karpathy,https://github.com/karpathy,User,False,589860087
yihong0618,15976103,MDQ6VXNlcjE1OTc2MTAz,,https://api.github.com/users/yihong0618,https://github.com/yihong0618,User,False,602366280
whitead,908389,MDQ6VXNlcjkwODM4OQ==,,https://api.github.com/users/whitead,https://github.com/whitead,User,False,597583114
dunbar12138,28395429,MDQ6VXNlcjI4Mzk1NDI5,,https://api.github.com/users/dunbar12138,https://github.com/dunbar12138,User,False,598277623
samim23,2211475,MDQ6VXNlcjIyMTE0NzU=,,https://api.github.com/users/samim23,https://github.com/samim23,User,False,597873678
lucidrains,108653,MDQ6VXNlcjEwODY1Mw==,,https://api.github.com/users/lucidrains,https://github.com/lucidrains,User,False,601904916
haoheliu,42107684,MDQ6VXNlcjQyMTA3Njg0,,https://api.github.com/users/haoheliu,https://github.com/haoheliu,User,False,594880130
TencentARC,83739826,MDEyOk9yZ2FuaXphdGlvbjgzNzM5ODI2,,https://api.github.com/users/TencentARC,https://github.com/TencentARC,Organization,False,602115048
microsoft,6154722,MDEyOk9yZ2FuaXphdGlvbjYxNTQ3MjI=,,https://api.github.com/users/microsoft,https://github.com/microsoft,Organization,False,608555244
shyamsn97,18158178,MDQ6VXNlcjE4MTU4MTc4,,https://api.github.com/users/shyamsn97,https://github.com/shyamsn97,User,False,601479334
keephq,109032290,O_kgDOBn-zYg,,https://api.github.com/users/keephq,https://github.com/keephq,Organization,False,597502256
keyu-tian,39692511,MDQ6VXNlcjM5NjkyNTEx,,https://api.github.com/users/keyu-tian,https://github.com/keyu-tian,User,False,585553796
lucidrains,108653,MDQ6VXNlcjEwODY1Mw==,,https://api.github.com/users/lucidrains,https://github.com/lucidrains,User,False,600229707
fkunn1326,92153597,U_kgDOBX4m_Q,,https://api.github.com/users/fkunn1326,https://github.com/fkunn1326,User,False,603623687
pix2pixzero,124216375,U_kgDOB2dkNw,,https://api.github.com/users/pix2pixzero,https://github.com/pix2pixzero,User,False,598370828
daveshap,10718065,MDQ6VXNlcjEwNzE4MDY1,,https://api.github.com/users/daveshap,https://github.com/daveshap,User,False,596254191
comfyanonymous,121283862,U_kgDOBzqlFg,,https://api.github.com/users/comfyanonymous,https://github.com/comfyanonymous,User,False,589831718
mazen160,8996052,MDQ6VXNlcjg5OTYwNTI=,,https://api.github.com/users/mazen160,https://github.com/mazen160,User,False,598684695
mmz-001,70096033,MDQ6VXNlcjcwMDk2MDMz,,https://api.github.com/users/mmz-001,https://github.com/mmz-001,User,False,595469330
zhayujie,26161723,MDQ6VXNlcjI2MTYxNzIz,,https://api.github.com/users/zhayujie,https://github.com/zhayujie,User,False,599687030
hwchase17,11986836,MDQ6VXNlcjExOTg2ODM2,,https://api.github.com/users/hwchase17,https://github.com/hwchase17,User,False,589743600
microsoft,6154722,MDEyOk9yZ2FuaXphdGlvbjYxNTQ3MjI=,,https://api.github.com/users/microsoft,https://github.com/microsoft,Organization,False,598872262
NVlabs,2695301,MDEyOk9yZ2FuaXphdGlvbjI2OTUzMDE=,,https://api.github.com/users/NVlabs,https://github.com/NVlabs,Organization,False,608406286
gligen,122313658,O_kgDOB0pbug,,https://api.github.com/users/gligen,https://github.com/gligen,Organization,False,588444267
RUB-SysSec,8832432,MDQ6VXNlcjg4MzI0MzI=,,https://api.github.com/users/RUB-SysSec,https://github.com/RUB-SysSec,User,False,585634235
hwchase17,11986836,MDQ6VXNlcjExOTg2ODM2,,https://api.github.com/users/hwchase17,https://github.com/hwchase17,User,False,587563574
facebookresearch,16943930,MDEyOk9yZ2FuaXphdGlvbjE2OTQzOTMw,,https://api.github.com/users/facebookresearch,https://github.com/facebookresearch,Organization,False,589837413
MichalGeyer,76571673,MDQ6VXNlcjc2NTcxNjcz,,https://api.github.com/users/MichalGeyer,https://github.com/MichalGeyer,User,False,598748375
robusta-dev,82757710,MDEyOk9yZ2FuaXphdGlvbjgyNzU3NzEw,,https://api.github.com/users/robusta-dev,https://github.com/robusta-dev,Organization,False,587275399
lucidrains,108653,MDQ6VXNlcjEwODY1Mw==,,https://api.github.com/users/lucidrains,https://github.com/lucidrains,User,False,584843932
AabyssZG,54609266,MDQ6VXNlcjU0NjA5MjY2,,https://api.github.com/users/AabyssZG,https://github.com/AabyssZG,User,False,594579246
piglei,731266,MDQ6VXNlcjczMTI2Ng==,,https://api.github.com/users/piglei,https://github.com/piglei,User,False,609362705
Doragd,26213546,MDQ6VXNlcjI2MjEzNTQ2,,https://api.github.com/users/Doragd,https://github.com/Doragd,User,False,595114955
NVlabs,2695301,MDEyOk9yZ2FuaXphdGlvbjI2OTUzMDE=,,https://api.github.com/users/NVlabs,https://github.com/NVlabs,Organization,False,604443736
namuan,575441,MDQ6VXNlcjU3NTQ0MQ==,,https://api.github.com/users/namuan,https://github.com/namuan,User,False,584935389
promptslab,120981762,O_kgDOBzYJAg,,https://api.github.com/users/promptslab,https://github.com/promptslab,Organization,False,599716050
zblurx,68540460,MDQ6VXNlcjY4NTQwNDYw,,https://api.github.com/users/zblurx,https://github.com/zblurx,User,False,595679998
Plachtaa,112609742,U_kgDOBrZJzg,,https://api.github.com/users/Plachtaa,https://github.com/Plachtaa,User,False,600258903
DAGWorks-Inc,116846391,O_kgDOBvbvNw,,https://api.github.com/users/DAGWorks-Inc,https://github.com/DAGWorks-Inc,Organization,False,605682921
dschil138,11950317,MDQ6VXNlcjExOTUwMzE3,,https://api.github.com/users/dschil138,https://github.com/dschil138,User,False,587983743
acikkaynak,16260732,MDEyOk9yZ2FuaXphdGlvbjE2MjYwNzMy,,https://api.github.com/users/acikkaynak,https://github.com/acikkaynak,Organization,False,598056410
danijar,2111293,MDQ6VXNlcjIxMTEyOTM=,,https://api.github.com/users/danijar,https://github.com/danijar,User,False,588898844
thuml,23359141,MDEyOk9yZ2FuaXphdGlvbjIzMzU5MTQx,,https://api.github.com/users/thuml,https://github.com/thuml,Organization,False,601044104
emptycrown,13024392,MDQ6VXNlcjEzMDI0Mzky,,https://api.github.com/users/emptycrown,https://github.com/emptycrown,User,False,595934487
YuxinWenRick,32457665,MDQ6VXNlcjMyNDU3NjY1,,https://api.github.com/users/YuxinWenRick,https://github.com/YuxinWenRick,User,False,597941167
greshake,2379799,MDQ6VXNlcjIzNzk3OTk=,,https://api.github.com/users/greshake,https://github.com/greshake,User,False,603706708
Cvaniak,34243365,MDQ6VXNlcjM0MjQzMzY1,,https://api.github.com/users/Cvaniak,https://github.com/Cvaniak,User,False,596770813
lifeiteng,3107839,MDQ6VXNlcjMxMDc4Mzk=,,https://api.github.com/users/lifeiteng,https://github.com/lifeiteng,User,False,593927328
giuven95,33382878,MDQ6VXNlcjMzMzgyODc4,,https://api.github.com/users/giuven95,https://github.com/giuven95,User,False,584429431
juncongmoo,94136485,U_kgDOBZxopQ,,https://api.github.com/users/juncongmoo,https://github.com/juncongmoo,User,False,607326239
yerfor,48365204,MDQ6VXNlcjQ4MzY1MjA0,,https://api.github.com/users/yerfor,https://github.com/yerfor,User,False,597040690
maxi1134,1342643,MDQ6VXNlcjEzNDI2NDM=,,https://api.github.com/users/maxi1134,https://github.com/maxi1134,User,False,600545993
y1nglamore,46070281,MDQ6VXNlcjQ2MDcwMjgx,,https://api.github.com/users/y1nglamore,https://github.com/y1nglamore,User,False,593663949
z1069614715,45996119,MDQ6VXNlcjQ1OTk2MTE5,,https://api.github.com/users/z1069614715,https://github.com/z1069614715,User,False,585536954
Sentdex,5905296,MDQ6VXNlcjU5MDUyOTY=,,https://api.github.com/users/Sentdex,https://github.com/Sentdex,User,False,592533552
BurhanUlTayyab,25680088,MDQ6VXNlcjI1NjgwMDg4,,https://api.github.com/users/BurhanUlTayyab,https://github.com/BurhanUlTayyab,User,False,592827748
TEXTurePaper,124353965,U_kgDOB2l9rQ,,https://api.github.com/users/TEXTurePaper,https://github.com/TEXTurePaper,User,False,596964548
AlibabaResearch,109347596,O_kgDOBoSDDA,,https://api.github.com/users/AlibabaResearch,https://github.com/AlibabaResearch,Organization,False,607116744
unum-cloud,56397513,MDEyOk9yZ2FuaXphdGlvbjU2Mzk3NTEz,,https://api.github.com/users/unum-cloud,https://github.com/unum-cloud,Organization,False,604556121
botesjuan,52822072,MDQ6VXNlcjUyODIyMDcy,,https://api.github.com/users/botesjuan,https://github.com/botesjuan,User,False,586233738
SnapdragonLee,61799448,MDQ6VXNlcjYxNzk5NDQ4,,https://api.github.com/users/SnapdragonLee,https://github.com/SnapdragonLee,User,False,602465880
srush,35882,MDQ6VXNlcjM1ODgy,,https://api.github.com/users/srush,https://github.com/srush,User,False,600114716
HighCWu,8385448,MDQ6VXNlcjgzODU0NDg=,,https://api.github.com/users/HighCWu,https://github.com/HighCWu,User,False,603359062
kraken-ng,124503730,O_kgDOB2vGsg,,https://api.github.com/users/kraken-ng,https://github.com/kraken-ng,Organization,False,604563246
pengzhile,343491,MDQ6VXNlcjM0MzQ5MQ==,,https://api.github.com/users/pengzhile,https://github.com/pengzhile,User,False,603043526
KohakuBlueleaf,59680068,MDQ6VXNlcjU5NjgwMDY4,,https://api.github.com/users/KohakuBlueleaf,https://github.com/KohakuBlueleaf,User,False,607121301
WPeace-HcH,55236208,MDQ6VXNlcjU1MjM2MjA4,,https://api.github.com/users/WPeace-HcH,https://github.com/WPeace-HcH,User,False,607527484
yihui-he,10027339,MDQ6VXNlcjEwMDI3MzM5,,https://api.github.com/users/yihui-he,https://github.com/yihui-he,User,False,592113874
CVPR2023-3D-Occupancy-Prediction,124795344,O_kgDOB3A50A,,https://api.github.com/users/CVPR2023-3D-Occupancy-Prediction,https://github.com/CVPR2023-3D-Occupancy-Prediction,Organization,False,599183653
facebookresearch,16943930,MDEyOk9yZ2FuaXphdGlvbjE2OTQzOTMw,,https://api.github.com/users/facebookresearch,https://github.com/facebookresearch,Organization,False,590550280
zhanymkanov,22341602,MDQ6VXNlcjIyMzQxNjAy,,https://api.github.com/users/zhanymkanov,https://github.com/zhanymkanov,User,False,585608448
facebookresearch,16943930,MDEyOk9yZ2FuaXphdGlvbjE2OTQzOTMw,,https://api.github.com/users/facebookresearch,https://github.com/facebookresearch,Organization,False,607276532
opparco,7719462,MDQ6VXNlcjc3MTk0NjI=,,https://api.github.com/users/opparco,https://github.com/opparco,User,False,600263265
horizon3ai,79593994,MDEyOk9yZ2FuaXphdGlvbjc5NTkzOTk0,,https://api.github.com/users/horizon3ai,https://github.com/horizon3ai,Organization,False,604210945
mit-han-lab,39571499,MDEyOk9yZ2FuaXphdGlvbjM5NTcxNDk5,,https://api.github.com/users/mit-han-lab,https://github.com/mit-han-lab,Organization,False,596732928
huggingface,25720743,MDEyOk9yZ2FuaXphdGlvbjI1NzIwNzQz,,https://api.github.com/users/huggingface,https://github.com/huggingface,Organization,False,610169717
jczic,499756,MDQ6VXNlcjQ5OTc1Ng==,,https://api.github.com/users/jczic,https://github.com/jczic,User,False,589392350
machine1337,82051128,MDQ6VXNlcjgyMDUxMTI4,,https://api.github.com/users/machine1337,https://github.com/machine1337,User,False,585309503
Orange-Cyberdefense,28656080,MDEyOk9yZ2FuaXphdGlvbjI4NjU2MDgw,,https://api.github.com/users/Orange-Cyberdefense,https://github.com/Orange-Cyberdefense,Organization,False,594058115
sarafridov,16036159,MDQ6VXNlcjE2MDM2MTU5,,https://api.github.com/users/sarafridov,https://github.com/sarafridov,User,False,587020175
fishslot,122792358,U_kgDOB1Gppg,,https://api.github.com/users/fishslot,https://github.com/fishslot,User,False,589561387
haofanwang,18741068,MDQ6VXNlcjE4NzQxMDY4,,https://api.github.com/users/haofanwang,https://github.com/haofanwang,User,False,604149082
markuswt,53354649,MDQ6VXNlcjUzMzU0NjQ5,,https://api.github.com/users/markuswt,https://github.com/markuswt,User,False,595428600
Coyote-A,11600962,MDQ6VXNlcjExNjAwOTYy,,https://api.github.com/users/Coyote-A,https://github.com/Coyote-A,User,False,584547922
